N_train,seed,lambda,MAE,RMSE,physics_adherence_MAE
15,0,0.0,0.18318899182090043,0.2683930693764895,0.19788503697680887
15,0,0.02,0.08179368451970614,0.10078785457700105,0.04851491427974158
15,0,0.05,0.08194958595458343,0.09879413718050854,0.032704028341301
15,0,0.1,0.08015112350225681,0.09634105958383858,0.026865813401244384
15,0,0.2,0.07981265456334143,0.09527399865036679,0.026156789030328146
15,0,0.35,0.08205021079772498,0.09678999198815091,0.02337345444996388
15,0,0.5,0.0806506830361414,0.09538572873828008,0.019086231517247965
15,0,0.75,0.08064453229406848,0.09527428244563567,0.01850759270242514
15,0,1.0,0.08198139742508559,0.09681663538188723,0.020259911092536352
15,0,1.5,0.08107770097710115,0.09524630310656321,0.018823739057957964
15,0,2.0,0.08191528194826034,0.09543831037916513,0.01960664685524085
15,1,0.0,0.12881742214596556,0.16354203012283972,0.13156215286539796
15,1,0.02,0.08120177051111988,0.1031007424279628,0.05503063768508957
15,1,0.05,0.07923356624135504,0.09668080498049289,0.03947587265954366
15,1,0.1,0.08036912766771163,0.0962120967147564,0.03301649699692409
15,1,0.2,0.08271368492746095,0.09802496217585059,0.027990859882645273
15,1,0.35,0.08354781259393876,0.0988541559788233,0.0267054347129801
15,1,0.5,0.08239125957163125,0.09742978759987844,0.02544698271141204
15,1,0.75,0.08121186978255981,0.09591283817233391,0.025109385041524948
15,1,1.0,0.08221303076409636,0.09725052011580552,0.023065964280579117
15,1,1.5,0.08201457076476391,0.0968487718310845,0.02058267717011267
15,1,2.0,0.08180377302434604,0.09642385233433262,0.018866640611157295
15,2,0.0,0.15831347297217735,0.21828996431021258,0.1659551380895406
15,2,0.02,0.07962813937550471,0.10122671089101559,0.05175440689923609
15,2,0.05,0.08148748841456102,0.10153156780390551,0.042638879211023654
15,2,0.1,0.08051706326172806,0.09778061928897026,0.03536174584684186
15,2,0.2,0.08036472749317682,0.09675557700885482,0.028369510870883893
15,2,0.35,0.07962814309017113,0.09465876498589638,0.02253811294147627
15,2,0.5,0.08074227244713672,0.09510278765845795,0.02095149866435631
15,2,0.75,0.08121935707017357,0.09541554648999166,0.020602715048916805
15,2,1.0,0.079020541049052,0.09395103818510431,0.02204420645138837
15,2,1.5,0.08051206457835029,0.09482225632180433,0.017611763607793807
15,2,2.0,0.08024922643840277,0.09460123018315746,0.01569174448945906
15,3,0.0,0.11179871701090453,0.15294066723525854,0.11688442925104095
15,3,0.02,0.07307890987769251,0.09439556014396441,0.05453255671244534
15,3,0.05,0.0713841497000881,0.08940190653557956,0.042262858074512265
15,3,0.1,0.07260705753155465,0.0893099514837791,0.03465873493868752
15,3,0.2,0.0791079256230562,0.09657130002819941,0.03165818913377828
15,3,0.35,0.07643016732947447,0.09334970914872885,0.028917161273657514
15,3,0.5,0.07697353361061215,0.09309213374374879,0.02763082115334168
15,3,0.75,0.0768627173777926,0.09295702240402176,0.02716427137140963
15,3,1.0,0.07846179336365135,0.09422470622337413,0.026563743323097376
15,3,1.5,0.07875025392434681,0.09365089977933166,0.022568102031528356
15,3,2.0,0.0791230165216657,0.09431739299283222,0.023337773964893026
15,4,0.0,0.13805911698975495,0.1892371265205889,0.1398226395988957
15,4,0.02,0.0821226439057778,0.10560712705726871,0.05438031467041578
15,4,0.05,0.07682033146475517,0.0961168161963965,0.036740444409187875
15,4,0.1,0.07667477609828831,0.0939721765204741,0.03026210706939731
15,4,0.2,0.07875764039579533,0.09485551719793237,0.02504069471813656
15,4,0.35,0.08167795383346181,0.09728046127006942,0.022204142328712918
15,4,0.5,0.0814218260860114,0.0965371853827478,0.0209960785492635
15,4,0.75,0.08213855192977813,0.09677008494693302,0.02055391335800932
15,4,1.0,0.08246485882681392,0.09690744590692399,0.018892964590328326
15,4,1.5,0.082354963424958,0.09649845627884673,0.01826564472140128
15,4,2.0,0.08178917519632613,0.09572721555490712,0.01704481914109563
15,5,0.0,0.15047886407696132,0.1947321033223915,0.12717182868674842
15,5,0.02,0.07718991157416263,0.0984128354670606,0.049141155093813504
15,5,0.05,0.08222147794730375,0.10026077821511757,0.03812924917731673
15,5,0.1,0.07936761357179431,0.09682436129933067,0.03180859277329549
15,5,0.2,0.08322467012097057,0.10019411434467704,0.026628347284924074
15,5,0.35,0.08451641338342847,0.10032795738963857,0.02599067072365773
15,5,0.5,0.08495640875164089,0.09971029064201291,0.024935354946125542
15,5,0.75,0.08214810791632532,0.0971337204555228,0.023946699903596005
15,5,1.0,0.08264836771155439,0.0978453697215612,0.021690100740367892
15,5,1.5,0.08370805251163851,0.09887963354325155,0.01887902309273969
15,5,2.0,0.08376068973688543,0.09889210412717205,0.018321281668439545
15,6,0.0,0.11728339838751756,0.1532038282845162,0.10177001910911698
15,6,0.02,0.07352710412660686,0.0932357179827348,0.04280020571183494
15,6,0.05,0.07574277384543399,0.09176814248289357,0.03163319490654229
15,6,0.1,0.07728678876354392,0.09260237688727216,0.027701906632975143
15,6,0.2,0.07885027474066865,0.09373362233011384,0.023708477926883777
15,6,0.35,0.08099723949382209,0.09554494941709249,0.023336676952896998
15,6,0.5,0.08218063951275631,0.09679669513813907,0.02377251126099841
15,6,0.75,0.08276679508648904,0.09749529585601142,0.020898103001177875
15,6,1.0,0.0819702081924072,0.09667232855954894,0.02136273775207508
15,6,1.5,0.08236630809470011,0.09671114468893863,0.020511367011874615
15,6,2.0,0.08264340169983125,0.097279306664256,0.019984320472825178
15,7,0.0,0.14898816895904982,0.1876684605903386,0.14457687700291083
15,7,0.02,0.07657310037462178,0.0960077428442443,0.05257887444750667
15,7,0.05,0.0762572827343245,0.0946100833313664,0.042326295783602495
15,7,0.1,0.07748961686731459,0.09552182406714349,0.035963177207786926
15,7,0.2,0.07822002959948489,0.09549000165078685,0.03149532048186515
15,7,0.35,0.07902270734820142,0.09618391159695405,0.02744743353342302
15,7,0.5,0.07894562695883116,0.09548252786605704,0.02487153504760414
15,7,0.75,0.07776444529600202,0.09475397753519678,0.02423380914906594
15,7,1.0,0.08238111747584219,0.09897328479620743,0.024102659335654572
15,7,1.5,0.07957373050493624,0.09533201112037308,0.02084382179097891
15,7,2.0,0.08067951656250606,0.09679920107583474,0.0216841925554618
100,0,0.0,0.07167872947442197,0.09353564177344925,0.09986717712595564
100,0,0.02,0.06685654546033586,0.08438841403516359,0.07156352804941263
100,0,0.05,0.06917045562276584,0.08716938345335734,0.06407370518600596
100,0,0.1,0.06981948389363477,0.0885385670965128,0.059122164318452464
100,0,0.2,0.07315132134276042,0.09147918762221875,0.047146169716964434
100,0,0.35,0.07155490016932901,0.08904491336101934,0.04554548646880494
100,0,0.5,0.07876774185029893,0.09738544466163528,0.04393297324817151
100,0,0.75,0.07648371667455788,0.09390578808002731,0.04124262533239371
100,0,1.0,0.07721541391582974,0.0941245088704985,0.03980865525027249
100,0,1.5,0.07711456155565968,0.09479024454102487,0.036741081168587146
100,0,2.0,0.0780817915374107,0.09522733209646657,0.03370745007767209
100,1,0.0,0.06948352824793637,0.0893877496304048,0.09100122501426305
100,1,0.02,0.06331604650246386,0.08122659695886128,0.07515264545186036
100,1,0.05,0.06087438153746769,0.07629752148753981,0.0648610927232617
100,1,0.1,0.06494989665075131,0.0803496634876012,0.05871531072341495
100,1,0.2,0.06956260077168301,0.08731542193484759,0.05763614576983863
100,1,0.35,0.0711425404556363,0.09107342281224846,0.05484357019016395
100,1,0.5,0.07166445768749295,0.08972926175782132,0.05259167583294153
100,1,0.75,0.06792352577343007,0.08512691503890565,0.04403499673060045
100,1,1.0,0.06896824241015323,0.08565760996172776,0.04062443787004042
100,1,1.5,0.0708419939484652,0.08628973254974164,0.033931887239583666
100,1,2.0,0.06792268025415384,0.08362007592471567,0.030808792124961036
100,2,0.0,0.07256274121161056,0.09421314112026358,0.09542802323219593
100,2,0.02,0.06294466849610042,0.0844474457612052,0.07557427924513382
100,2,0.05,0.06504366898616641,0.08527310423905009,0.06496068251898053
100,2,0.1,0.0665096839561446,0.08697297745533443,0.06000327683091587
100,2,0.2,0.06566938771513364,0.08492752622261211,0.05277060760062392
100,2,0.35,0.06976507804756707,0.08926532754407358,0.048429517276351496
100,2,0.5,0.06973127831750761,0.0887086456956086,0.04429327886134424
100,2,0.75,0.0694142648580614,0.0881564702263243,0.03961210513989055
100,2,1.0,0.06994972588990635,0.08790343692829766,0.036507094617834725
100,2,1.5,0.07230228238117249,0.08896707926375585,0.0321789325093383
100,2,2.0,0.07228183120552081,0.08751345152287436,0.02714956772291142
100,3,0.0,0.07513558661137491,0.09876222044245676,0.09564891754665798
100,3,0.02,0.06360306698456003,0.08188644597770307,0.0658368341381559
100,3,0.05,0.06832327748768562,0.08906599071301488,0.06232547364556841
100,3,0.1,0.06901802962461186,0.08674758732497528,0.05718932000051669
100,3,0.2,0.0751332600900857,0.09384050032193197,0.05300801848902839
100,3,0.35,0.07478193085236504,0.09119554958408371,0.05263630189251212
100,3,0.5,0.08078473419353575,0.09870842989692288,0.050539893338609115
100,3,0.75,0.07787331495312919,0.095677792567671,0.044823440707907405
100,3,1.0,0.0742075518861625,0.09145171265001935,0.04090697172432213
100,3,1.5,0.07579158476315351,0.09285880438386668,0.03575529824115934
100,3,2.0,0.07346899436706503,0.08922808373799856,0.031274643554815046
100,4,0.0,0.08587130232746372,0.11122727118363376,0.10467987990621527
100,4,0.02,0.07396890143446971,0.09466084977353305,0.08526996419507654
100,4,0.05,0.07183347458075134,0.09141490084477823,0.07661551107643276
100,4,0.1,0.07369087184892291,0.09406926641339185,0.07317845299586807
100,4,0.2,0.07625369929329551,0.09595819378225112,0.06607838944593974
100,4,0.35,0.07525059955219009,0.09476755565851325,0.05996757746946404
100,4,0.5,0.07456423978898359,0.09468632518100796,0.05549224973971433
100,4,0.75,0.07254790898228773,0.09277290487676258,0.049845525227585716
100,4,1.0,0.07142386666104304,0.09026539319962269,0.045995006284365425
100,4,1.5,0.06888838016382558,0.08523650798768798,0.03785614755709941
100,4,2.0,0.06776041746935173,0.08264783426230604,0.0334184720841853
100,5,0.0,0.09014228704568912,0.11832125844533514,0.1051202439434799
100,5,0.02,0.07160294560716156,0.09272215210301765,0.0809336620513388
100,5,0.05,0.06655434505080887,0.0857543522727115,0.06947439862311222
100,5,0.1,0.06692862780629331,0.08629155705913037,0.06455175263399437
100,5,0.2,0.06989069483491948,0.08906897485822962,0.05276602725962526
100,5,0.35,0.07139439977722498,0.09082717365045544,0.0481790031139968
100,5,0.5,0.07288248015520699,0.0911496442733377,0.044550757792210745
100,5,0.75,0.06926398886861292,0.0883322538487981,0.040592270977009376
100,5,1.0,0.07150953320170429,0.09047807183581232,0.03632760487791372
100,5,1.5,0.07163837658405026,0.0884891113163659,0.03366900063150525
100,5,2.0,0.0686347690917051,0.08520470582223143,0.029591963370027074
100,6,0.0,0.09577936589677913,0.13301986438829663,0.11792140761496124
100,6,0.02,0.07097105860637204,0.09315783553878929,0.08154842117063239
100,6,0.05,0.07170832259693084,0.09285893912487121,0.07003587804490577
100,6,0.1,0.07160000673932375,0.09069977319753814,0.0609000770427215
100,6,0.2,0.07069480087367375,0.0903733809136048,0.05182929347738177
100,6,0.35,0.07642188159196857,0.0960845563258319,0.0530698815909537
100,6,0.5,0.07509847013390825,0.09461573216937796,0.04837571029249265
100,6,0.75,0.07621353286488426,0.0956291714810662,0.04171707063873253
100,6,1.0,0.07528612041860483,0.0918034781635042,0.03930042465866575
100,6,1.5,0.07293329628767356,0.08969585800713234,0.03588952321545433
100,6,2.0,0.07298500919972307,0.08886641989556072,0.029326329691050253
100,7,0.0,0.09006770213982891,0.11693804878450303,0.09273959456814211
100,7,0.02,0.0764462872566665,0.09776402947342358,0.07640435165263813
100,7,0.05,0.07295171449994295,0.09279339443604788,0.06768780292307205
100,7,0.1,0.07442252766490993,0.09684219575050212,0.06436112828017683
100,7,0.2,0.07317398553666296,0.09427158443829114,0.058073215902091885
100,7,0.35,0.07559176629545539,0.09790476605268283,0.05644290428126398
100,7,0.5,0.07829069447975603,0.10109553053957139,0.05149087882067004
100,7,0.75,0.07463589829087004,0.09630816881509693,0.046986175050222956
100,7,1.0,0.07489895067149792,0.09499334413143097,0.042449712969592636
100,7,1.5,0.07514427317128305,0.09467146931386555,0.03678234370411548
100,7,2.0,0.0743204149069741,0.09296955261017988,0.03367958220780895
