N_train,seed,model,lambda_selected,MAE,RMSE,R2
8,0,PLS,,0.19967770871880458,0.2737348568933228,-0.2980901994952123
8,0,Standard_MLP,,0.15916118503699783,0.212088357925214,0.22074728530378385
8,0,PGNN,0.02,0.08017585316289809,0.09869392095261906,0.8312571146252402
8,1,PLS,,0.22915756005108423,0.33035795734830153,-0.8906633645073312
8,1,Standard_MLP,,0.24035339814476347,0.3321463419564222,-0.91118889020455
8,1,PGNN,0.0,0.24035339814476347,0.3321463419564222,-0.91118889020455
8,2,PLS,,0.1374761666253984,0.16635494175161364,0.5205800770134488
8,2,Standard_MLP,,0.1537034089609598,0.1880898414332986,0.3871201468229243
8,2,PGNN,0.2,0.08226822896226971,0.09693670518746825,0.8372124551661366
8,3,PLS,,0.14001693173507465,0.17251631312109544,0.4844093879979089
8,3,Standard_MLP,,0.1556557970376967,0.1914990712389826,0.3647012385506937
8,3,PGNN,2.0,0.08219394326651905,0.09763549472011507,0.8348570162570017
8,4,PLS,,0.4295757598148334,0.5217991261693481,-3.7168423330372686
8,4,Standard_MLP,,0.22278776387910854,0.27384659790199334,-0.2991501997832009
8,4,PGNN,0.05,0.08074473395880867,0.09852756510864118,0.831825492224761
8,5,PLS,,0.2425728658969436,0.29505331713946537,-0.5081539217788258
8,5,Standard_MLP,,0.166886286896638,0.2226179264060855,0.14145130788105742
8,5,PGNN,2.0,0.0799627156627085,0.09473894808217498,0.8445102442841569
8,6,PLS,,0.24882222478815122,0.30335950069978174,-0.5942626304788416
8,6,Standard_MLP,,0.24014941803683032,0.28604540166952513,-0.41747238224690886
8,6,PGNN,2.0,0.08079402107487339,0.09549963874836209,0.8420032614328393
8,7,PLS,,0.1793584307208347,0.22993391773286043,0.08409433988861281
8,7,Standard_MLP,,0.17688706371006496,0.22864862626663063,0.09430523483228603
8,7,PGNN,2.0,0.08241291972167467,0.09657632730153297,0.8384205833520019
8,8,PLS,,0.1513196271144938,0.20012335744150866,0.30619052674877745
8,8,Standard_MLP,,0.13207309251898353,0.17065402461300067,0.4954807581293805
8,8,PGNN,0.2,0.08039366547401128,0.09685179649957651,0.8374975076300383
8,9,PLS,,0.14013184230668516,0.20341691585003807,0.28316567099392376
8,9,Standard_MLP,,0.10111153771189117,0.12877430494119477,0.712721520460813
8,9,PGNN,0.2,0.07838021807301823,0.09235242548296704,0.8522453094947852
8,10,PLS,,0.18782245868307298,0.2349986113242162,0.04330113999714924
8,10,Standard_MLP,,0.15039380397943028,0.18435706154007003,0.4112048564158567
8,10,PGNN,0.05,0.08342585194679279,0.10305721797955046,0.8160069181868369
8,11,PLS,,0.1402785755009014,0.20664978088738614,0.26019959810019133
8,11,Standard_MLP,,0.13366153308926304,0.17346998880763898,0.47869322926686275
8,11,PGNN,0.02,0.07694284351921422,0.0969452624034099,0.8371837133256568
15,0,PLS,,0.12816561982792865,0.17025483100671565,0.49783833859415993
15,0,Standard_MLP,,0.22258231765277653,0.29759940563417886,-0.5342946958158596
15,0,PGNN,0.1,0.0792516380327492,0.09663699530080012,0.83821751539178
15,1,PLS,,0.17665877577544703,0.24674510371954508,-0.05473109949171029
15,1,Standard_MLP,,0.16561282775491304,0.23276913323013293,0.06136781138904057
15,1,PGNN,0.1,0.07629497675129254,0.09132266899054192,0.855521955128238
15,2,PLS,,0.14625211010634462,0.1845710449792365,0.4098372328651434
15,2,Standard_MLP,,0.12325500804083038,0.1589798197381614,0.5621466618430249
15,2,PGNN,0.5,0.08220240531517863,0.09849372734597368,0.8319409862368581
15,3,PLS,,0.16009040614607342,0.20026881611613204,0.305181576224128
15,3,Standard_MLP,,0.14513777352652554,0.1766606110392247,0.45934014803948475
15,3,PGNN,1.0,0.08550904243502448,0.10109359288915656,0.8229516318900011
15,4,PLS,,0.15844217796814766,0.2192167770248695,0.16748466617943936
15,4,Standard_MLP,,0.12858605588930316,0.16250858385825845,0.5424934920737632
15,4,PGNN,0.1,0.07509152526650771,0.09145807600467262,0.8550931931467413
15,5,PLS,,0.13861698072792153,0.1802847675149492,0.43692955400429434
15,5,Standard_MLP,,0.13616182149151443,0.17918876079129992,0.4437549019735282
15,5,PGNN,0.1,0.07838130922206477,0.0965806200268277,0.838406218931991
15,6,PLS,,0.13706316507349564,0.19153214470661092,0.36448177693850303
15,6,Standard_MLP,,0.14453677043865482,0.2010782107161672,0.2995539529464234
15,6,PGNN,1.5,0.08345236837594962,0.0981341928745248,0.8331656881217783
15,7,PLS,,0.10568801551473982,0.15149834582094476,0.6023871179472735
15,7,Standard_MLP,,0.11847972477853407,0.17395339630074066,0.47578373778462624
15,7,PGNN,0.02,0.07438431194273287,0.09448344126971288,0.8453478115019003
15,8,PLS,,0.12540649010435037,0.1663263337448451,0.5207449542206288
15,8,Standard_MLP,,0.12509045005581204,0.1581006134786138,0.5669761919629293
15,8,PGNN,0.05,0.07367451580790585,0.09129777462270156,0.8556007132155483
15,9,PLS,,0.13981963342169418,0.1798141779099728,0.4398652348810371
15,9,Standard_MLP,,0.11237268687833883,0.14220408259172765,0.6496768845227124
15,9,PGNN,2.0,0.07893566518304648,0.09432817800219649,0.8458556692739667
15,10,PLS,,0.1677771248103861,0.2079342412204547,0.2509743528183488
15,10,Standard_MLP,,0.14907049626638028,0.18510201805768658,0.40643679398998955
15,10,PGNN,0.35,0.08070518008977717,0.09638685123512933,0.8390539766576665
15,11,PLS,,0.14262966643221398,0.17639867581798072,0.46094223543741497
15,11,Standard_MLP,,0.12156673421316587,0.1532276915908663,0.5932578476697521
15,11,PGNN,0.1,0.07918399641298178,0.09548271812397512,0.8420592441918509
25,0,PLS,,0.13564079448849564,0.1694150366440269,0.5027800188509683
25,0,Standard_MLP,,0.11074262126507278,0.14349910501174976,0.6432671943456121
25,0,PGNN,2.0,0.08593144691404968,0.10189736292587652,0.8201251047132454
25,1,PLS,,0.09480550887846356,0.1202189661306137,0.7496251845532254
25,1,Standard_MLP,,0.10299782173751999,0.13611033995477098,0.6790577432834375
25,1,PGNN,1.5,0.08021155720298417,0.09651150771846381,0.8386374065825981
25,2,PLS,,0.18192692824199092,0.24125508507036703,-0.008318224151367515
25,2,Standard_MLP,,0.1360443397314051,0.18591924696248727,0.4011840384992039
25,2,PGNN,0.5,0.08126740436612033,0.0970453594073802,0.8368473206908941
25,3,PLS,,0.1185617244330056,0.1524357227126484,0.5974515368599811
25,3,Standard_MLP,,0.09346690759013669,0.12168164269830299,0.743495615668557
25,3,PGNN,0.75,0.08198194196984042,0.09961142984282843,0.828105091620735
25,4,PLS,,0.10577027931115987,0.133119137795988,0.693008990644377
25,4,Standard_MLP,,0.10278199492140701,0.13865873390472755,0.6669272327322184
25,4,PGNN,2.0,0.08184342560409728,0.09690398899767406,0.8373223183902772
25,5,PLS,,0.09123953817134266,0.11924836759851071,0.753651711163088
25,5,Standard_MLP,,0.11729914324972864,0.15150428276659936,0.6023559538799239
25,5,PGNN,0.02,0.07275955508410505,0.0941090992532809,0.8465708433066893
25,6,PLS,,0.09356491215672932,0.1259566307791212,0.725155699747734
25,6,Standard_MLP,,0.09745837522579916,0.12773512724095798,0.717339349203399
25,6,PGNN,0.02,0.0796975686722669,0.10011663539123498,0.826357049588395
25,7,PLS,,0.11515349636943469,0.1599404874370748,0.5568390393392804
25,7,Standard_MLP,,0.08823759807115622,0.11489087030660446,0.7713265715078523
25,7,PGNN,2.0,0.079816310260313,0.09538928986688247,0.8423681777981568
25,8,PLS,,0.12786893899374333,0.16905947730635917,0.5048649068354516
25,8,Standard_MLP,,0.13387778397662597,0.19233497233643113,0.35914292488370914
25,8,PGNN,0.2,0.07672205049619261,0.0944894612009102,0.8453281038117368
25,9,PLS,,0.09092097385629408,0.1246151757184218,0.7309787829686767
25,9,Standard_MLP,,0.11454408884115068,0.147322569394387,0.6240039921109025
25,9,PGNN,0.02,0.07814115162758048,0.1008209595767494,0.8239052867041934
25,10,PLS,,0.15597710853583294,0.20957967567874908,0.23907300332235726
25,10,Standard_MLP,,0.13469132670195058,0.1885277994571683,0.3842627022773333
25,10,PGNN,0.2,0.07958970805578014,0.09654956136989021,0.8385101337508147
25,11,PLS,,0.1349383644300991,0.18393941473691644,0.4138695752396929
25,11,Standard_MLP,,0.1226606259827083,0.1712113582788733,0.4921799896090433
25,11,PGNN,0.2,0.08517248775026921,0.10280245799506796,0.8169154646943235
40,0,PLS,,0.07868159882572756,0.10310023873974923,0.8158532719977536
40,0,Standard_MLP,,0.09481461298837068,0.1222190914340202,0.7412247323620702
40,0,PGNN,2.0,0.07806679792528547,0.09490357541640128,0.8439693874320731
40,1,PLS,,0.12270565559898478,0.15905864970101138,0.5617123360300019
40,1,Standard_MLP,,0.11348186311481832,0.14678750936656254,0.626730188133861
40,1,PGNN,0.1,0.07691892330814672,0.09706601749716667,0.8367778525277514
40,2,PLS,,0.08893657414587494,0.1150500281932956,0.770692571807508
40,2,Standard_MLP,,0.08123628738727234,0.10608323249923644,0.8050433048287198
40,2,PGNN,1.5,0.07759614813689449,0.09439604467473756,0.8456337838025744
40,3,PLS,,0.10498685972828838,0.13638651817918113,0.6777539894540245
40,3,Standard_MLP,,0.09258757155310031,0.12277809064198332,0.7388521737703465
40,3,PGNN,0.35,0.07611255186402374,0.09376895123268045,0.8476779479131129
40,4,PLS,,0.09469611240710567,0.12742051743952829,0.7187300128238223
40,4,Standard_MLP,,0.1057721393694136,0.14690353289074165,0.62613987639716
40,4,PGNN,1.5,0.08044909743509841,0.09867068324217945,0.831336567070612
40,5,PLS,,0.10023975697664916,0.13054218419435434,0.7047795659184241
40,5,Standard_MLP,,0.09654097660143428,0.12708332772934544,0.7202166785387152
40,5,PGNN,2.0,0.0800428017202373,0.09658838939001367,0.8383802192796483
40,6,PLS,,0.10375645742767875,0.13370122471029594,0.6903183761916446
40,6,Standard_MLP,,0.08698700111711881,0.11390160439364604,0.7752475950094099
40,6,PGNN,0.05,0.07027608926712249,0.08883595713199734,0.8632830892983862
40,7,PLS,,0.09862475518344585,0.13016620889437874,0.7064776492226752
40,7,Standard_MLP,,0.08469800574126651,0.11365150864670984,0.7762334970197757
40,7,PGNN,0.2,0.07504949203652157,0.09282302630975078,0.8507356438798417
40,8,PLS,,0.1022329213552099,0.13180303080161287,0.6990492302025582
40,8,Standard_MLP,,0.08334531336401524,0.11421724188127327,0.7740002275536408
40,8,PGNN,0.05,0.07222875121408351,0.09157835333827302,0.8547118060537588
40,9,PLS,,0.10297020259343634,0.1312448842766214,0.7015927068451596
40,9,Standard_MLP,,0.09301545185548214,0.12222635279807631,0.7411939823830771
40,9,PGNN,1.5,0.07098913813654986,0.08746047771030659,0.8674839887987531
40,10,PLS,,0.09651751684080263,0.14640920276721942,0.6286517203841812
40,10,Standard_MLP,,0.08618827034221387,0.12009060267210547,0.750159573096353
40,10,PGNN,0.05,0.06960680799649996,0.09033927071078156,0.8586167940921436
40,11,PLS,,0.09728757710277616,0.12407539709510089,0.7333043007718765
40,11,Standard_MLP,,0.09012525894388329,0.12246503383817894,0.7401822136168509
40,11,PGNN,0.75,0.07976859126884199,0.09754535029209803,0.8351618203158905
65,0,PLS,,0.0912921320253427,0.11957296842532585,0.7523087377657065
65,0,Standard_MLP,,0.08966659795273475,0.11820550012915318,0.7579416690914732
65,0,PGNN,2.0,0.07805766035536717,0.09668235587032359,0.8380656011493552
65,1,PLS,,0.10429559585147334,0.14137594022061922,0.6537453000507821
65,1,Standard_MLP,,0.10796718851151088,0.1423256755427963,0.6490775341795987
65,1,PGNN,0.35,0.0747235699624358,0.09624824065527335,0.8395165455779066
65,2,PLS,,0.091882650934211,0.12016741968355947,0.7498398456127325
65,2,Standard_MLP,,0.09205904753159247,0.127110665515099,0.7200962932873329
65,2,PGNN,0.02,0.07006363579518154,0.09105647206381615,0.8563630071668406
65,3,PLS,,0.09096223448811269,0.1248623493812586,0.7299105197263662
65,3,Standard_MLP,,0.09491753436677954,0.13447707534405837,0.6867138646755773
65,3,PGNN,0.2,0.07646862767402202,0.0964795648026544,0.83874420294026
65,4,PLS,,0.09886012121739438,0.13485879339938936,0.6849327923253107
65,4,Standard_MLP,,0.1086646178269406,0.14737105735932232,0.6237564498431729
65,4,PGNN,2.0,0.07764678319515426,0.09347921598083013,0.8486178088051786
65,5,PLS,,0.09579136227248043,0.12361473052642151,0.7352809975641463
65,5,Standard_MLP,,0.08503475859778437,0.10820835543091008,0.7971540888553655
65,5,PGNN,0.5,0.07244357395698466,0.09151477050382002,0.8549134831517491
65,6,PLS,,0.08907619796988042,0.11420460481275957,0.7740502343051264
65,6,Standard_MLP,,0.08546982353280143,0.11185228105374823,0.7832623524734866
65,6,PGNN,0.02,0.06737563209367452,0.0903811620497631,0.8584856417156157
65,7,PLS,,0.08922652082594323,0.11829623206155611,0.7575699292142598
65,7,Standard_MLP,,0.08202689010685794,0.10917693386479749,0.7935064686635117
65,7,PGNN,0.35,0.07637962107199503,0.09476833203264033,0.8444137768457685
65,8,PLS,,0.11146862278405219,0.14707703887074114,0.6252562315637772
65,8,Standard_MLP,,0.0868436395192008,0.11123567793141521,0.7856453660377686
65,8,PGNN,0.75,0.07922508001675348,0.10013963596584514,0.8262772557280775
65,9,PLS,,0.08992666746186373,0.12075695218259579,0.7473792901920606
65,9,Standard_MLP,,0.07747514721526683,0.10317711116863698,0.8155785668414496
65,9,PGNN,0.35,0.0774023395700299,0.0947805404928028,0.8443736877038525
65,10,PLS,,0.09387312794290185,0.12810458385140205,0.7157018689852368
65,10,Standard_MLP,,0.08609337709326573,0.11006673985022249,0.7901268549938076
65,10,PGNN,0.1,0.07117161695647546,0.0900573137887796,0.8594979560439449
65,11,PLS,,0.08909016806250332,0.11584976730134186,0.7674935548156051
65,11,Standard_MLP,,0.07990650811307339,0.10409776624663375,0.8122726777111701
65,11,PGNN,0.02,0.06977038528592816,0.08858560232811753,0.8640525863958595
100,0,PLS,,0.0868836525092575,0.11338472635789446,0.7772827901632432
100,0,Standard_MLP,,0.06683116573315367,0.08794626752714965,0.8660078086472283
100,0,PGNN,1.5,0.07339212822409438,0.0887313775917177,0.8636047918229443
100,1,PLS,,0.08896483178754439,0.11763621615793193,0.7602675862754997
100,1,Standard_MLP,,0.0875814995746654,0.11276836366784172,0.7796976033159608
100,1,PGNN,0.1,0.07453530751041551,0.09564450708736302,0.8415235510186603
100,2,PLS,,0.08498017690813504,0.11227407486432753,0.7816246394705164
100,2,Standard_MLP,,0.07595737535222433,0.10070229682615302,0.8243195574326275
100,2,PGNN,1.5,0.07525234480896531,0.09242950584701509,0.8519985647431502
100,3,PLS,,0.08825687293772794,0.1211207905812091,0.7458547141062675
100,3,Standard_MLP,,0.08314338836041259,0.1079475379475083,0.7981307601996589
100,3,PGNN,0.2,0.07121724439109904,0.0899069813713556,0.8599666438512062
100,4,PLS,,0.08962546312660642,0.1134581624075381,0.7769942015836395
100,4,Standard_MLP,,0.07670232978988015,0.10111302757825752,0.8228835521900545
100,4,PGNN,0.2,0.0738717642731639,0.09453944155042734,0.8451644326492932
100,5,PLS,,0.08916143812536832,0.11411816431966985,0.7743921437699718
100,5,Standard_MLP,,0.08895073500557213,0.11558671905915865,0.7685482134096258
100,5,PGNN,0.2,0.07335238064160464,0.09590015454527921,0.8406752378751252
100,6,PLS,,0.09394581470829902,0.11964610536554085,0.7520056438236056
100,6,Standard_MLP,,0.07179474504703919,0.09508829255207242,0.8433614108341112
100,6,PGNN,0.1,0.06681575883968643,0.0851017044513476,0.8745354071949296
100,7,PLS,,0.09461823156347549,0.12279148400788195,0.7387951955400418
100,7,Standard_MLP,,0.07700679428663895,0.1012359022382779,0.8224528194282946
100,7,PGNN,0.2,0.07013022635325564,0.09018305148531236,0.8591053452607507
100,8,PLS,,0.08801396939577721,0.11513630938898511,0.7703485069133656
100,8,Standard_MLP,,0.07287905744420961,0.09692898078954706,0.83723839757198
100,8,PGNN,0.1,0.06438566366778886,0.0830690579493446,0.8804572519058966
100,9,PLS,,0.09376335942286315,0.12418306224867537,0.7328412550407346
100,9,Standard_MLP,,0.07533095038749643,0.09911045122833119,0.8298297756487667
100,9,PGNN,0.2,0.07047559015053916,0.09064597194576277,0.8576551743877789
100,10,PLS,,0.08649587702490592,0.11423748601110602,0.7739201070023654
100,10,Standard_MLP,,0.0850272542037111,0.11188561409961681,0.7831331534555108
100,10,PGNN,0.35,0.07785798868507626,0.09891459521811595,0.8305016710857862
100,11,PLS,,0.07369718687470868,0.09905958467035028,0.8300044041005448
100,11,Standard_MLP,,0.07384492559481211,0.0989409146207231,0.8304114581448383
100,11,PGNN,0.5,0.07352780506947183,0.09478773236589601,0.8443500692027153
160,0,PLS,,0.09488350986670138,0.13143575381223974,0.7007241278070149
160,0,Standard_MLP,,0.07156644527304029,0.09383008588230356,0.8474792640035677
160,0,PGNN,0.05,0.06023135193514301,0.07972664459292646,0.8898836930226712
160,1,PLS,,0.08433733923213683,0.10953466752934936,0.7921510411516463
160,1,Standard_MLP,,0.08374957989017026,0.1096848785465084,0.7915805804578724
160,1,PGNN,0.1,0.060296468050048145,0.07980579166624364,0.8896649528642254
160,2,PLS,,0.08817641885254507,0.11866457532480672,0.756057852181388
160,2,Standard_MLP,,0.08253650393144749,0.11277586927807008,0.7796682766698189
160,2,PGNN,0.1,0.06545686902175117,0.08464369934273772,0.8758822379050646
160,3,PLS,,0.08809513298365872,0.11210112288466866,0.7822969115129608
160,3,Standard_MLP,,0.08539280276773523,0.11479395989097693,0.7717121807492003
160,3,PGNN,0.5,0.06675054510046623,0.08591863609648157,0.8721150573153765
160,4,PLS,,0.08834726338894729,0.11492848764641526,0.7711768033969264
160,4,Standard_MLP,,0.07303041085409114,0.09393387840531003,0.8471416480350522
160,4,PGNN,0.2,0.06234284436450206,0.08201730089654509,0.883465206570969
160,5,PLS,,0.08709179546748666,0.11428803895120415,0.7737199707336687
160,5,Standard_MLP,,0.07258362450392342,0.09874635618591142,0.8310777637001145
160,5,PGNN,0.2,0.06455687666863555,0.0845520484218589,0.8761508780677205
160,6,PLS,,0.08593133916873646,0.11275916110365436,0.7797335578010387
160,6,Standard_MLP,,0.07659873734832112,0.0994202545263736,0.8287642635440202
160,6,PGNN,0.5,0.067611476004886,0.08731019831479923,0.8679389901330488
160,7,PLS,,0.08331187503517988,0.1131429012605405,0.7782317923489046
160,7,Standard_MLP,,0.07652236971240557,0.09896334643246965,0.8303345514475412
160,7,PGNN,0.35,0.07025205392510707,0.08835262480405733,0.8647667214667838
160,8,PLS,,0.08888181660925099,0.11927649632983865,0.7535354784256036
160,8,Standard_MLP,,0.08030769472502179,0.10168687122644034,0.820867480471235
160,8,PGNN,0.2,0.06906360603370394,0.08823261457944818,0.8651338493004639
160,9,PLS,,0.08898026346886077,0.11875881374899666,0.7556702411040197
160,9,Standard_MLP,,0.0772022967552368,0.10060245994279711,0.8246677261254167
160,9,PGNN,0.35,0.06699159857188029,0.08592265764354914,0.872103085352697
160,10,PLS,,0.0808418833177732,0.10488793065598527,0.8094119357074745
160,10,Standard_MLP,,0.07993355237444344,0.10665551927852532,0.8029341668862149
160,10,PGNN,0.2,0.07081504239040037,0.09403973327721407,0.8467969392104706
160,11,PLS,,0.08450210743951596,0.10969117553277222,0.7915566491391333
160,11,Standard_MLP,,0.070446033617246,0.09133857070142938,0.8554716357902684
160,11,PGNN,0.5,0.06582745222999407,0.08349852724769254,0.8792179780808748
250,0,PLS,,0.08680400102927469,0.11455303609160605,0.7726694132243183
250,0,Standard_MLP,,0.06796757029625326,0.09157470982290587,0.854723366629321
250,0,PGNN,0.35,0.06022652532727858,0.07647120872177,0.8986927388669314
250,1,PLS,,0.08522981049555295,0.11402284340149679,0.7747688790021406
250,1,Standard_MLP,,0.06584156290881787,0.08785268862487002,0.866292804738109
250,1,PGNN,0.2,0.05799344555880543,0.07739779344624981,0.8962228299485668
250,2,PLS,,0.08911312954356566,0.1174150080347962,0.7611683445348889
250,2,Standard_MLP,,0.08152561208507057,0.10377774533990851,0.8134251390018796
250,2,PGNN,0.35,0.06162008206540703,0.08036599968540187,0.8881104911906121
250,3,PLS,,0.08895219683886538,0.11654491879597746,0.7646948936674218
250,3,Standard_MLP,,0.07319446258040674,0.09728505814976286,0.8360403621845923
250,3,PGNN,0.35,0.06561467485688487,0.08906789923941431,0.8625682480151903
250,4,PLS,,0.08584815296869339,0.11116905553411559,0.7859020560359038
250,4,Standard_MLP,,0.07075006794726385,0.09429827362909375,0.8459533889373415
250,4,PGNN,0.2,0.06249865229313219,0.08457232823580002,0.8760914605041108
250,5,PLS,,0.08719823349776078,0.11659867672217884,0.7644777682525704
250,5,Standard_MLP,,0.06910681592803661,0.08940419714431384,0.8615284735414518
250,5,PGNN,0.5,0.06078875306526028,0.08004631357718596,0.8889988862425541
250,6,PLS,,0.08730494595574921,0.11662680047007813,0.764364138031591
250,6,Standard_MLP,,0.06971257502504727,0.08990111239140634,0.859984925549075
250,6,PGNN,0.5,0.05993742098715743,0.07702598539678591,0.8972174967619653
250,7,PLS,,0.08146063379682325,0.10733374473180314,0.8004199037134188
250,7,Standard_MLP,,0.07982156577143519,0.10509400697578732,0.8086622923562353
250,7,PGNN,0.35,0.059669550951477766,0.07973566220261054,0.8898587818518106
250,8,PLS,,0.08246304338517943,0.10958332179822367,0.7919663510375665
250,8,Standard_MLP,,0.07515948509986299,0.09867843636523128,0.8313100603173923
250,8,PGNN,0.5,0.062361565696505396,0.07921612027024419,0.8912894228692478
250,9,PLS,,0.0854859601683275,0.11432256596546322,0.7735832293212053
250,9,Standard_MLP,,0.06555339348207453,0.08795849844946393,0.8659705367518146
250,9,PGNN,0.2,0.056116618269753005,0.07305234688074683,0.9075487026423261
250,10,PLS,,0.0853696337791218,0.11080021119648953,0.7873203969558351
250,10,Standard_MLP,,0.07326936181260252,0.09599396022599156,0.8403633952631188
250,10,PGNN,0.05,0.06839364780729157,0.08974957635823122,0.8604565425644713
250,11,PLS,,0.08751559009552189,0.11791960804870322,0.7591111387524806
250,11,Standard_MLP,,0.0694796571708175,0.08852368744859176,0.8642425546530168
250,11,PGNN,0.35,0.06015141184797267,0.0783545142698478,0.893641376002361
